date,ticker,open,high,low,close,volume,turnover,return_1d,return_5d,volatility_20d,turnover_20d,pe,pb,roe,industry_name,label_next_5d,source_price_available,source_volume_available,source_fundamental_available,source_industry_available,announce_date
2024-01-02,000001,117.5295,120.2268,115.939,117.2236,2049614.0,155015864.72,,,,155015864.72,,,,银行,-0.05226080755069806,True,True,False,True,
2024-01-03,000001,115.0314,116.9612,112.3885,114.7854,5420631.0,111429869.74,-0.020799565957708266,,,133222867.22999999,,,,银行,-0.02965446825118867,True,True,False,True,
2024-01-04,000001,114.3217,118.0346,111.628,116.5082,3958351.0,322634392.77,0.015008877435632062,,0.02532039314716557,196360042.41,,,,银行,-0.050049696072894445,True,True,False,True,
2024-01-05,000001,118.2656,121.7389,115.5476,118.6999,2443349.0,36086491.46,0.01881155146161384,,0.021854616488701184,156291654.67249998,,,,银行,-0.06790317430764481,True,True,False,True,
2024-01-08,000001,112.0528,115.031,109.6782,114.0681,8522360.0,195650663.98,-0.03902109437328927,,0.02807968192921003,164163456.53399998,,,,银行,-0.04660286267589275,True,True,False,True,
2024-01-09,000001,111.8169,113.6855,110.3771,111.0974,9321473.0,314200831.43,-0.026043214535878212,-0.05226080755069806,0.025840634619103284,189169685.6833333,,,,银行,-0.0038929803937804985,True,True,False,True,
2024-01-10,000001,112.1136,113.4804,110.7601,111.3815,7536251.0,143607095.44,0.002557215560400339,-0.02965446825118867,0.02371096439127075,182660744.22,,,,银行,0.009022144611088745,True,True,False,True,
2024-01-11,000001,109.2027,110.7524,106.2216,110.677,7676680.0,1040499697.85,-0.006325107850046918,-0.050049696072894445,0.02165724469851857,289890613.42375,,,,银行,0.0167857820504711,True,True,False,True,
2024-01-12,000001,,113.1706,107.8559,110.6398,9294568.0,138954017.28,-0.00033611319425008723,-0.06790317430764481,0.02023169337759947,273119880.5188889,,,,银行,0.04005882150907736,True,True,False,True,
2024-01-15,000001,108.7567,109.2536,107.7614,108.7522,7284439.0,767181263.71,-0.017060768367260226,-0.04660286267589275,0.019218783316252153,322526018.838,,,,银行,0.0680041415254129,True,True,False,True,
2024-01-16,000001,110.4266,111.9299,108.1127,110.6649,8475073.0,973071165.7,0.017587690180060678,-0.0038929803937804985,0.019861602508824242,381666486.73454547,,,,银行,0.03150773190053946,True,True,False,True,
2024-01-17,000001,112.9721,114.1983,109.3103,112.3864,6353122.0,794703699.57,0.015555971224841869,0.009022144611088745,0.019889136281824944,416086254.4708333,,,,银行,0.023198536477723408,True,True,False,True,
2024-01-18,000001,110.8153,115.7822,110.5114,112.5348,8929643.0,803628247.52,0.0013204444665904091,0.0167857820504711,0.01901758333971428,445897177.0130769,,,,银行,0.0022526365177706342,True,True,False,True,
2024-01-19,000001,115.9911,116.9163,114.9655,115.0719,7211670.0,373255710.9,0.022545026071935093,0.04005882150907736,0.01956088404520308,440708500.86214286,,,,银行,-0.0026244461071729397,True,True,False,True,
2024-01-22,000001,117.4429,119.9687,114.2291,116.1478,9224921.0,,0.009349806512276349,0.0680041415254129,0.019005650197350905,440708500.86214286,,,,银行,-0.012850006629484212,True,True,False,True,
2024-01-23,000001,113.1117,114.4818,112.7812,114.1517,,631605990.93,-0.017185861462722496,0.03150773190053946,0.018814856992906553,453435000.2,,,,银行,0.0006981937194101562,True,True,False,True,
2024-01-24,000001,114.7902,115.6917,112.4001,114.9936,1986377.0,135835542.92,0.00737527343000588,0.023198536477723408,0.018314919338830924,433585034.12,,,,银行,-0.020156773942201944,True,True,False,True,
2024-01-25,000001,113.1457,113.7457,112.3031,112.7883,6677014.0,765436308.69,-0.01917758901364941,0.0022526365177706342,0.01827074590094246,453105697.33,,,,银行,0.02342796194286101,True,True,False,True,
2024-01-26,000001,115.9567,118.4595,112.8145,114.7699,3862421.0,109138313.55,0.01756919822357461,-0.0026244461071729397,0.01832196871178612,433996398.2311111,,,,银行,0.0026496494289878214,True,True,False,True,
2024-01-29,000001,115.2392,117.2585,113.4509,114.6553,9976907.0,342694439.24,-0.0009985196467018342,-0.012850006629484212,0.017805753426263744,429191031.96842104,,,,银行,-0.004946129834381807,True,True,False,True,
2024-01-30,000001,112.3326,115.6563,109.1029,114.2314,6941827.0,519244720.83,-0.003697168818188157,0.0006981937194101562,0.01734122955530308,448360971.7636842,,,,银行,-0.00828756366463157,True,True,False,True,
2024-01-31,000001,112.6486,113.7907,109.7576,112.6757,5440433.0,478092297.03,-0.01361884735720642,-0.020156773942201944,0.016983597808592703,467658994.25263155,,,,银行,0.01610817594210645,True,True,False,True,
2024-02-01,000001,113.5995,117.4657,110.7729,115.4307,675154.0,42953355.66,0.024450702325345963,0.02342796194286101,0.017567051372944672,452938939.6678948,,,,银行,-0.0008940429192580979,True,True,False,True,
2024-02-02,000001,117.0308,119.0709,112.8193,115.074,585833.0,52450711.11,-0.003090165787784427,0.0026496494289878214,0.016984863561495738,453800214.3863158,,,,银行,0.010475867702521846,True,True,False,True,
2024-02-05,000001,114.5031,114.5814,,114.0882,7592933.0,761673110.9,-0.008566661452630409,-0.004946129834381807,0.014638822392376332,483590869.4873684,,,,银行,0.02798887176763243,True,True,False,True,
2024-02-06,000001,113.2045,115.9449,110.0893,113.2847,5893394.0,644921909.48,-0.007042796713420008,-0.00828756366463157,0.013417794323463359,500997242.01631576,,,,银行,0.07962505086741634,True,True,False,True,
2024-02-07,000001,114.4296,116.1761,114.2162,114.4907,1973485.0,235999711.96,0.010645744747525443,0.01610817594210645,0.01358612107580748,505860011.3068421,,,,银行,0.05956903049767348,True,True,False,True,
2024-02-08,000001,115.6584,117.3013,112.7914,115.3275,,,0.007308890591113393,-0.0008940429192580979,0.013516542811630108,476157806.4988889,,,,银行,0.041104680150007455,True,False,False,True,
2024-02-09,000001,115.4961,118.0958,113.552,116.2795,9472311.0,879963314.72,0.008254752769287554,0.010475867702521846,0.01356988779474479,517324989.69,,,,银行,0.01577578162960802,True,True,False,True,
2024-02-12,000001,115.0372,120.1887,114.6788,117.2814,5421325.0,106653933.71,0.008616308119659966,0.02798887176763243,0.012807479571065006,480629026.9122222,,,,银行,0.01950522418729661,True,True,False,True,
2024-02-13,000001,120.545,124.3378,117.3213,122.305,1135545.0,92516221.67,0.042833731520940166,0.07962505086741634,0.015244028540976931,431709307.79944444,,,,银行,-0.00029598135808028836,True,True,False,True,
2024-02-14,000001,122.1466,123.1772,120.0713,121.3108,2804249.0,368991906.24,-0.008128858182412824,0.05956903049767348,0.015310670793102553,408058652.61444443,,,,银行,0.00559966631165576,True,True,False,True,
2024-02-15,000001,121.1582,123.952,116.854,120.068,5592853.0,101281933.47,-0.010244759741094844,0.041104680150007455,0.015629815445213604,369039412.945,,,,银行,-0.0010635639804111863,True,True,False,True,
2024-02-16,000001,120.0794,120.9087,114.7031,118.1139,6822610.0,620037894.95,-0.016274944198287566,0.01577578162960802,0.015532039595795834,382749534.2811111,,,,银行,-0.0012818135714762757,True,True,False,True,
2024-02-19,000001,119.8313,121.1647,118.9584,119.569,1903706.0,212134530.7,0.012319464516877376,0.01950522418729661,0.01562575950373869,373769797.2505263,-12.5,3.79,10.65,银行,-0.000598817419230735,True,True,True,True,2024-02-19
2024-02-20,000001,123.7764,124.954,122.096,122.2688,2295206.0,286852375.35,0.022579431123451732,-0.00029598135808028836,0.0156438654111705,355624870.11473686,-12.5,3.79,10.65,银行,-0.008137807846319012,True,True,True,True,2024-02-19
2024-02-21,000001,120.9699,123.8751,118.2697,121.9901,3861970.0,350464425.41,-0.0022794040671045845,0.00559966631165576,0.015668738316203294,366921127.08789474,-12.5,3.79,10.65,银行,0.004927449030700082,True,True,True,True,2024-02-19
2024-02-22,000001,122.0323,122.6349,116.5037,119.9403,5975217.0,323233900.39,-0.01680300286662606,-0.0010635639804111863,0.015499343021056796,343647316.1247369,-12.5,3.79,10.65,银行,0.008497560869866083,True,True,True,True,2024-02-19
2024-02-23,000001,117.6563,121.4744,117.274,117.9625,7298608.0,950977320.88,-0.016489870377179194,-0.0012818135714762757,0.015706201784251854,387954632.3,-12.5,3.79,10.65,银行,0.03016721415704149,True,True,True,True,2024-02-19
2024-02-26,000001,120.6857,123.9109,119.1154,119.4974,4517875.0,496430646.84,0.01301176221256739,-0.000598817419230735,0.015900663639617778,396046011.64736843,-12.5,3.79,10.65,银行,0.019308369889219357,True,True,True,True,2024-02-19
2024-02-27,000001,121.3653,122.5156,120.4443,121.2738,3762598.0,219712003.8,0.014865595402075549,-0.008137807846319012,0.016079740863920385,380281131.8036842,-12.5,3.79,10.65,银行,0.008771061845180173,True,True,True,True,2024-02-19
2024-02-28,000001,123.3839,124.767,119.2609,122.5912,5245561.0,64546953.6,0.010863022351076612,0.004927449030700082,0.015665130775461823,358515587.4126316,-12.5,3.79,10.65,银行,0.015322470128361632,True,True,True,True,2024-02-19
2024-02-29,000001,122.1536,123.1154,120.7302,120.9595,7849436.0,,-0.013310090773236527,0.008497560869866083,0.015386991929176709,376046822.51,-12.5,3.79,10.65,银行,0.03362117072243187,True,True,True,True,2024-02-19
2024-03-01,000001,120.262,121.9686,119.6527,121.5211,1515773.0,89643745.56,0.0046428763346408886,0.03016721415704149,0.015337438653456974,378113102.20166665,-12.5,3.79,10.65,银行,0.04281396399473003,True,True,True,True,2024-02-19
2024-03-04,000001,120.1154,122.4598,118.6718,121.8047,9195781.0,719544503.63,0.0023337510934313688,0.019308369889219357,0.015102641070380974,375772624.02,-12.5,3.79,10.65,银行,0.04179231179092446,True,True,True,True,2024-02-19
2024-03-05,000001,124.1704,124.9021,119.8063,122.3375,9447022.0,368923437.38,0.004374215444888474,0.008771061845180173,0.014902182712169145,360439375.57,-12.5,3.79,10.65,银行,0.04325247777664254,True,True,True,True,2024-02-19
2024-03-06,000001,125.8507,129.5199,122.6053,124.4696,9452604.0,510953902.49,0.017428016756922293,0.015322470128361632,0.015137735127181978,375714608.37722224,-12.5,3.79,10.65,银行,0.038328234364053415,True,True,True,True,2024-02-19
2024-03-07,000001,123.2454,125.0786,120.3972,125.0263,1146926.0,141394117.86,0.0044725780431527085,0.03362117072243187,0.01512129117072963,363381950.981579,-12.5,3.79,10.65,银行,0.0035800467581619255,True,True,True,True,2024-02-19
2024-03-08,000001,124.8576,129.3002,121.5682,126.7239,8568618.0,1002642627.42,0.013577943200750564,0.04281396399473003,0.015243637865044098,369838756.91315794,-12.5,3.79,10.65,银行,-0.01619426169806959,True,True,True,True,2024-02-19
2024-03-11,000001,126.9273,129.5709,125.3006,126.8952,3895093.0,472833992.37,0.001351757640034812,0.04179231179092446,0.0152249085192985,389111391.5794737,-12.5,3.79,10.65,银行,-0.026765393805281867,True,True,True,True,2024-02-19
2024-03-12,000001,126.0962,130.7078,125.0196,127.6289,5777474.0,538782174.87,0.005781936590194103,0.04325247777664254,0.012214735455235248,412599073.3268421,-12.5,3.79,10.65,银行,-0.0447241964790106,True,True,True,True,2024-02-19
2024-03-13,000001,130.4758,130.9888,125.8429,129.2403,1197125.0,172468516.86,0.012625667070702562,0.038328234364053415,0.0121722699507252,402255737.0436842,-12.5,3.79,10.65,银行,-0.06182591652913216,True,True,True,True,2024-02-19
2024-03-14,000001,127.6198,129.142,122.8425,125.4739,1952909.0,24190474.64,-0.029142612637079846,0.0035800467581619255,0.013886961709588141,398198291.84210527,-12.5,3.79,10.65,银行,-0.0047723072288340385,True,True,True,True,2024-02-19
2024-03-15,000001,124.6148,127.1509,124.4489,124.6717,4081166.0,566787804.34,-0.006393361487927018,-0.01619426169806959,0.013357121417606312,395395655.49421054,-12.5,3.79,10.65,银行,-0.015713269330569823,True,True,True,True,2024-02-19
2024-03-18,000001,122.4439,126.9252,118.8619,123.4988,9324246.0,752564648.58,-0.009407908932019038,-0.026765393805281867,0.013424715093890819,423839345.9089474,-12.5,3.79,10.65,银行,0.012877048198039143,True,True,True,True,2024-02-19
2024-03-19,000001,122.19,124.514,118.6505,121.9208,8848296.0,752783845.98,-0.012777452088603258,-0.0447241964790106,0.01284660111051302,448362054.8894737,-12.5,3.79,10.65,银行,,True,True,True,True,2024-02-19
2024-03-20,000001,119.5055,122.7744,119.3844,121.2499,6460070.0,799888190.14,-0.005502752606610262,-0.06182591652913216,0.012895985308387623,472015937.2436842,-12.5,3.79,10.65,银行,,True,True,True,True,2024-02-19
2024-03-21,000001,125.3548,128.8636,124.1422,124.8751,,169762466.32,0.02989858135965484,-0.0047723072288340385,0.01392340080937429,463938493.34526324,-12.5,3.79,10.65,银行,,True,True,True,True,2024-02-19
2024-03-22,000001,122.5526,125.6017,118.9416,122.7127,2058893.0,214201398.35,-0.017316502649447396,-0.015713269330569823,0.013982622062417085,425160813.2121053,-12.5,3.79,10.65,银行,,True,True,True,True,2024-02-19
2024-03-25,000001,123.1334,128.2017,122.3828,125.0891,435390.0,62183252.78,0.01936555874004897,0.012877048198039143,0.01431262036017056,402305687.20894736,-12.5,3.79,10.65,银行,,True,True,True,True,2024-02-19
2024-01-02,000333,41.7267,42.8622,40.9851,41.7118,8885486.0,1015994291.71,,,,1015994291.71,,,,家电,0.0696853168647722,True,True,False,True,
2024-01-03,000333,42.7462,43.1852,41.7417,42.4962,6062568.0,600476352.17,0.018805230174674836,,,808235321.94,,,,家电,0.07514554242496962,True,True,False,True,
2024-01-04,000333,43.1285,43.3954,41.9533,43.2322,3611780.0,287270104.06,0.017319195598665127,,0.0010507851257741414,634580249.3133334,,,,家电,0.06295770282335855,True,True,False,True,
2024-01-05,000333,43.7061,44.5656,42.9762,43.4152,1104784.0,27185527.59,0.004232955991136267,,0.008018823071446522,482731568.8825,,,,家电,0.05094759439090457,True,True,False,True,
2024-01-08,000333,43.336,44.6177,42.2931,44.1848,2671448.0,58657915.53,0.01772651053087415,,0.00688727508010111,397916838.212,,,,家电,0.03957922181383644,True,True,False,True,
2024-01-09,000333,45.1149,46.2797,43.6101,44.6185,7893614.0,769465986.53,0.009815592692509423,0.0696853168647722,0.006324874657124354,459841696.26500005,,,,家电,-0.030866120555374854,True,True,False,True,
2024-01-10,000333,45.9964,46.1749,44.6961,45.6896,1122896.0,62831166.71,0.024005737530396587,0.07514554242496962,0.0070795190523072924,403125906.3285714,,,,家电,-0.046336584255498026,True,True,False,True,
2024-01-11,000333,45.2898,46.3449,44.8479,45.954,3211166.0,338210723.41,0.005786874912452777,0.06295770282335855,0.007398820335927564,395011508.46375,,,,家电,-0.12101014057535808,True,True,False,True,
2024-01-12,000333,46.376,46.6578,45.0003,45.6271,2244671.0,234777293.74,-0.007113635374504934,0.05094759439090457,0.010119952783277247,377207706.82777774,,,,家电,-0.14522947984859869,True,True,False,True,
2024-01-15,000333,46.3036,47.6273,45.3963,45.9336,7163373.0,1006947344.31,0.006717499030181706,0.03957922181383644,0.009589983996944901,440181670.57600003,,,,家电,-0.1432611421704374,True,True,False,True,
2024-01-16,000333,42.8177,44.0527,41.9448,43.2413,5437766.0,331078728.53,-0.058612867269275615,-0.030866120555374854,0.023742615605064347,430263221.2990909,,,,家电,-0.08122558757484166,True,True,False,True,
2024-01-17,000333,44.4023,44.9347,43.1613,43.5725,5436110.0,86408132.59,0.007659344191779605,-0.046336584255498026,0.022553207236247954,401608630.5733333,,,,家电,-0.10940845716908587,True,True,False,True,
2024-01-18,000333,39.6228,40.8779,39.4743,40.3931,8375043.0,940312212.67,-0.0729680417694647,-0.12101014057535808,0.030964742577509176,443047367.6576923,,,,家电,-0.052989248163671565,True,True,False,True,
2024-01-19,000333,39.1727,39.6944,38.9257,39.0007,2316783.0,295984646.52,-0.03447123394837226,-0.14522947984859869,0.030966609308069645,432542887.57642853,,,,家电,0.007704989910437554,True,True,False,True,
2024-01-22,000333,39.9103,40.2961,38.8154,39.3531,9885629.0,880328947.13,0.009035735256033739,-0.1432611421704374,0.02997737411340545,462395291.5466667,,,,家电,-0.0109876985548788,True,True,False,True,
2024-01-23,000333,39.7128,40.4825,38.9195,39.729,5325096.0,299414091.15,0.009551979386630327,-0.08122558757484166,0.02908942791747745,452208966.52187496,,,,家电,0.023602406302700718,True,True,False,True,
2024-01-24,000333,38.4083,39.8678,38.3206,38.8053,6304984.0,652725717.26,-0.023250018877897682,-0.10940845716908587,0.028562787717018572,464004069.50647056,,,,家电,0.04792644303742022,True,True,False,True,
2024-01-25,000333,38.778,39.916,37.9601,38.2527,7556563.0,1131543393.86,-0.014240322842498432,-0.052989248163671565,0.02776472629867737,501089587.52611107,,,,家电,0.07174134113408992,True,True,False,True,
2024-01-26,000333,39.7173,40.6259,38.6888,39.3012,7726914.0,590391268.14,0.027409829894360582,0.007704989910437554,0.027979190200065004,505789675.9794737,,,,家电,0.07688060415458042,True,True,False,True,
2024-01-29,000333,38.8529,39.2012,38.4389,38.9207,6126801.0,559985952.82,-0.009681638219698252,-0.0109876985548788,0.027235076230309838,508499489.8215,,,,家电,0.09025788333714457,True,True,False,True,
2024-01-30,000333,40.324,40.9812,39.8231,40.6667,706910.0,15734757.47,0.0448604470114875,0.023602406302700718,0.028610709929056847,458486513.10950005,,,,家电,0.02253194874430431,True,True,False,True,
2024-01-31,000333,40.5187,40.9321,40.2951,40.6651,2847335.0,149977924.57,-3.93442300455904e-05,0.04792644303742022,0.028236483246324467,435961591.7295,,,,家电,0.020327012598026384,True,True,False,True,
2024-02-01,000333,41.5883,41.7975,39.7763,40.997,2523173.0,280070516.53,0.0081617898394446,0.07174134113408992,0.02798302828513516,435601612.353,,,,家电,0.011344732541405556,True,True,False,True,
2024-02-02,000333,42.0453,43.3353,41.8424,42.3227,7993038.0,232071282.39,0.032336512427738606,0.07688060415458042,0.02901344092317953,445845900.09300005,,,,家电,-0.04707402883086387,True,True,False,True,
2024-02-05,000333,41.8197,43.4193,40.7103,42.4336,1919700.0,22114589.17,0.002620343220068655,0.09025788333714457,0.02869888581727794,444018733.775,,,,家电,-0.054426209418951044,True,True,False,True,
2024-02-06,000333,41.4001,42.8288,40.3973,41.583,2090293.0,220647747.43,-0.02004543569247008,0.02253194874430431,0.028848961221986904,416577821.82,,,,家电,-0.04940720967703138,True,True,False,True,
2024-02-07,000333,40.9174,42.018,40.4505,41.4917,8745075.0,94378926.48,-0.0021956087824350767,0.020327012598026384,0.028138787402008862,418155209.80849993,,,,家电,,True,True,False,True,
2024-02-08,000333,42.1801,43.4212,40.3049,41.4621,4496975.0,386774804.94,-0.000713395691186447,0.011344732541405556,0.02805204856951528,420583413.885,,,,家电,-0.028339133811360218,True,True,False,True,
2024-02-09,000333,39.7464,41.2871,38.8767,40.3304,380093.0,17471920.49,-0.027294806582397024,-0.04707402883086387,0.028500963022174294,409718145.22249997,,,,家电,-0.0067219764743220445,True,True,False,True,
2024-02-12,000333,40.7418,41.5527,39.055,40.1241,7689042.0,522990225.23,-0.005115248051097865,-0.054426209418951044,0.028350780399805372,385520289.2685,,,,家电,-0.0037359093412685507,True,True,False,True,
2024-02-13,000333,40.0543,40.2662,38.8448,39.5285,6007590.0,834336030.85,-0.014843946655501261,-0.04940720967703138,0.025666368585322875,410683154.38449997,,,,家电,0.01578860821938588,True,True,False,True,
2024-02-14,000333,40.3433,40.9494,39.8803,,7555193.0,781781743.37,,,0.026214297407199525,445451834.92349994,,,,家电,,True,True,False,True,
2024-02-15,000333,40.5332,41.7395,40.2864,40.2871,2949309.0,37862860.82,,-0.028339133811360218,0.020950868481112446,400329367.331,,,,家电,-0.01121699005388832,True,True,False,True,
2024-02-16,000333,40.0857,40.2002,39.7322,40.0593,8797393.0,1295062753.02,-0.005654415433228088,-0.0067219764743220445,0.019276461076908207,450283272.656,,,,家电,-0.026308497652230534,True,True,False,True,
2024-02-19,000333,40.7364,41.1254,39.3281,39.9742,9563019.0,,-0.002124350650161033,-0.0037359093412685507,0.01916854251273553,427649289.7889474,,,,家电,-0.0026792281021259523,True,True,False,True,
2024-02-20,000333,40.0318,40.2145,39.6382,40.1526,663080.0,24467021.21,0.004462878556668937,0.01578860821938588,0.019056346543823176,413178391.3710526,,,,家电,-0.015299133804535736,True,True,False,True,
2024-02-21,000333,40.4094,41.6082,40.2059,40.6479,4705603.0,577918017.59,0.012335440295273559,,0.018368519776356684,409241144.02,,,,家电,-0.05485892260116765,True,True,False,True,
2024-02-22,000333,40.3471,40.8514,39.0244,39.8352,5268472.0,195899363.19,-0.01999365280863219,-0.01121699005388832,0.018708748534406645,359996721.35315794,,,,家电,-0.02701630718560466,True,True,False,True,
2024-02-23,000333,39.3936,40.3407,38.4101,39.0054,7389905.0,520443057.96,-0.020830822990721698,-0.026308497652230534,0.01820613155177459,356315236.60684216,,,,家电,0.002891907274377381,True,True,False,True,
2024-02-26,000333,40.4939,40.6687,39.7225,39.8671,5511632.0,688014430.69,0.02209181292846618,-0.0026792281021259523,0.018875704657476934,363053577.54736847,,,,家电,-0.04882472013264072,True,True,False,True,
2024-02-27,000333,38.8995,39.7204,38.3555,39.5383,4681709.0,487635007.92,-0.008247401993122128,-0.015299133804535736,0.015345340012624581,387890432.8342106,,,,家电,-0.036513962411130474,True,True,False,True,
2024-02-28,000333,37.7534,38.4789,36.6214,38.418,3596609.0,356873442.68,-0.028334551561397414,-0.05485892260116765,0.016484858240417784,398779670.6294737,,,,家电,0.006171586235618642,True,True,False,True,
2024-02-29,000333,38.6603,39.6597,37.5409,38.759,6467358.0,285974680.59,0.008876047685980604,-0.02701630718560466,0.016516879788608097,399090416.1063158,,,,家电,0.0047859851905363016,True,True,False,True,
2024-03-01,000333,39.3564,40.3283,38.1418,39.1182,5275792.0,61310144.43,0.009267524961944273,0.002891907274377381,0.014270753995779316,390102987.7926316,,,,家电,0.008141990173371916,True,True,False,True,
2024-03-04,000333,37.385,38.8999,37.1866,37.9206,3779941.0,450215409.26,-0.030614905593815744,-0.04882472013264072,0.015296324147621871,412634609.9026316,,,,家电,0.010772508873804654,True,True,False,True,
2024-03-05,000333,38.1539,39.0916,37.0578,38.0946,3869147.0,265208985.57,0.004588534991534887,-0.036513962411130474,0.015177689387495598,414979938.2257895,,,,家电,0.012818089703002578,True,True,False,True,
2024-03-06,000333,38.4919,39.5107,37.6344,38.6551,,177996897.09,0.01471337144897178,0.006171586235618642,0.01591885660074187,419380884.04736847,,,,家电,-0.007908400185227649,True,True,False,True,
2024-03-07,000333,39.3376,39.9326,38.6527,38.9445,7608500.0,686546756.91,0.007486722321246031,0.0047859851905363016,0.016159931653885067,435158355.2036842,,,,家电,-0.02478912298270608,True,True,False,True,
2024-03-08,000333,39.381,39.872,38.4585,39.4367,2173330.0,,0.012638498375894036,0.008141990173371916,0.015562254776808573,458363157.13222224,,,,家电,-0.02019185175230187,True,True,False,True,
2024-03-11,000333,37.882,39.1932,36.8807,38.3291,5915141.0,687863319.69,-0.02808551425448902,0.010772508873804654,0.016715864205449266,467522773.4911111,,,,家电,0.037947669003446594,True,True,False,True,
2024-03-12,000333,37.9439,38.787,37.0052,38.5829,735667.0,43836975.21,0.006621600820264639,0.012818089703002578,0.016621320841815855,423606159.28888893,,,,家电,0.06812344328705211,True,True,False,True,
2024-03-13,000333,38.845,39.3094,38.3383,38.3494,6267474.0,423312406.69,-0.006051903822677951,-0.007908400185227649,0.016176343936546832,403691196.14000005,,,,家电,0.10288557317715519,True,True,False,True,
2024-03-14,000333,37.428,38.7237,36.809,37.9791,3864332.0,476014209.92,-0.009655952896264308,-0.02478912298270608,0.015826765681716596,428032937.75666666,,,,家电,0.11119536797870389,True,True,False,True,
2024-03-15,000333,38.4749,39.6548,38.4467,38.6404,4175533.0,479832421.22,0.017412208293508646,-0.02019185175230187,0.016438409359150075,382742363.7677778,,,,家电,0.09988250639227325,True,True,False,True,
2024-03-18,000333,40.3769,40.6098,38.8536,39.7836,3276285.0,462722841.96,0.02958561505574475,0.037947669003446594,0.017860241831489834,386951862.62000006,,,,家电,0.08466051337737146,True,True,False,True,
2024-03-19,000333,41.4686,41.8282,40.8833,41.2113,4688989.0,316946381.97,0.03588664675896602,0.06812344328705211,0.019580855706202688,402345513.1863158,,,,家电,,True,True,False,True,
2024-03-20,000333,42.4074,43.1083,42.0775,42.295,6642595.0,753466295.02,0.02629618575487802,0.10288557317715519,0.020226247888992986,411584896.20894736,,,,家电,,True,True,False,True,
2024-03-21,000333,42.5576,42.5915,40.9988,42.2022,165543.0,10775517.39,-0.002194112779288382,0.11119536797870389,0.019580404626555692,401841535.9036842,,,,家电,,True,True,False,True,
2024-03-22,000333,42.6725,43.2949,41.5566,42.4999,4633183.0,,0.007054134618574404,0.09988250639227325,0.018764551950657515,395252562.4561112,,,,家电,,True,True,False,True,
2024-03-25,000333,43.0113,44.1329,42.7876,43.1517,2225324.0,44765243.7,0.015336506674133332,0.08466051337737146,0.018489380380984903,359516496.51222223,,,,家电,,True,True,False,True,
2024-01-02,510300,49.7517,50.9476,48.7332,50.3226,1619572.0,75099940.83,,,,75099940.83,,,,,-0.02549947737199587,True,True,False,False,
2024-01-03,510300,49.2309,50.1208,48.2657,50.076,7858206.0,311372554.64,-0.004900382730621988,,,193236247.73499998,,,,,,True,True,False,False,
2024-01-04,510300,48.1001,49.2871,47.7035,49.0436,7417805.0,759238385.7,-0.02061666267273754,,0.011113088122096026,381903627.0566667,,,,,-0.007328173298860596,True,True,False,False,
2024-01-05,510300,49.3956,50.4901,47.9843,48.9878,1790782.0,141679232.39,-0.0011377631332120108,,0.010332685103791471,321847528.39,,,,,-0.0106005985163653,True,True,False,False,
2024-01-08,510300,50.796,51.7009,48.7043,50.0157,2625734.0,374308196.29,0.020982775303238776,,0.017152151515106625,332339661.97,,,,,-0.018386226724808497,True,True,False,False,
2024-01-09,510300,48.3405,50.0591,47.1411,49.0394,3947623.0,521015496.43,-0.01951987076058126,-0.02549947737199587,0.016916935628118426,363785634.38000005,,,,,0.0008829634946594389,True,True,False,False,
2024-01-10,510300,48.1603,49.5932,46.7077,,3874944.0,573906192.57,,,0.016916935628118426,393802856.9785715,,,,,,True,True,False,False,
2024-01-11,510300,47.7428,50.1346,47.1479,48.6842,5010570.0,145559936.12,,-0.007328173298860596,0.016916935628118426,362772491.87125003,,,,,0.0011708110639592206,True,True,False,False,
2024-01-12,510300,47.7452,49.7732,47.5739,48.4685,8761023.0,1085056569.46,-0.004430595552561201,-0.0106005985163653,0.015133001552489277,443026278.27000004,,,,,0.0053828775390201145,True,True,False,False,
2024-01-15,510300,49.1672,50.0844,48.0256,49.0961,5476624.0,339708267.65,0.012948616111495115,-0.018386226724808497,0.01537984163885954,432694477.208,,,,,-0.011650619906672932,True,True,False,False,
2024-01-16,510300,48.2002,49.9582,47.1804,49.0827,418279.0,54901770.28,-0.00027293410270867735,0.0008829634946594389,0.014258477431474278,398349685.669091,,,,,-0.03542184924627223,True,True,False,False,
2024-01-17,510300,50.0972,51.354,48.3055,49.7715,8529750.0,701549435.71,0.014033457817112849,,0.01438325173231084,423616331.5058334,,,,,-0.07851682187597331,True,True,False,False,
2024-01-18,510300,48.9278,49.2673,48.5568,48.7412,6918646.0,423699843.42,-0.02070060174999755,0.0011708110639592206,0.015013769651047032,423622755.4992308,,,,,-0.04613345588536999,True,True,False,False,
2024-01-19,510300,48.2492,49.6223,47.603,48.7294,7332359.0,791058652.64,-0.0002420949832995234,0.0053828775390201145,0.014257638784672727,449868176.7235714,,,,,-0.052598636552060984,True,True,False,False,
2024-01-22,510300,48.3226,49.5105,47.9251,48.5241,8141739.0,593685604.49,-0.004213062340188922,-0.011650619906672932,0.01360692887761769,459456005.24133337,,,,,-0.06804247786151618,True,True,False,False,
2024-01-23,510300,47.4709,48.551,47.3205,47.3441,5126478.0,196561790.9,-0.024317813210342876,-0.03542184924627223,0.014383262844832635,443025116.845,,,,,-0.046652064354375744,True,True,False,False,
2024-01-24,510300,45.7155,46.5716,44.3611,45.8636,8935594.0,265447625.3,-0.03127105594994939,-0.07851682187597331,0.015619565400865093,432579382.04823536,,,,,0.006325277562162723,True,True,False,False,
2024-01-25,510300,47.0431,47.7773,45.6668,46.4926,5628399.0,821403933.04,0.013714579753878908,-0.04613345588536999,0.01588682275491655,454180745.99222225,,,,,-0.05257180712629539,True,True,False,False,
2024-01-26,510300,45.4167,47.3985,44.5924,46.1663,6463757.0,264058713.94,-0.0070183211952010716,-0.052598636552060984,0.015359421011045331,444174323.2526316,,,,,-0.07443524822218806,True,True,False,False,
2024-01-29,510300,45.5527,45.7568,45.1702,45.2224,3077052.0,77625815.32,-0.020445649748842776,-0.06804247786151618,0.015347570597947165,425846897.85600007,,,,,-0.0725569629210302,True,True,False,False,
2024-01-30,510300,44.5549,45.4056,44.3664,45.1354,2571736.0,333764309.93,-0.0019238253608832023,-0.046652064354375744,0.014916330959048464,438780116.31100005,,,,,-0.04361321712004318,True,True,False,False,
2024-01-31,510300,46.9154,47.214,45.4196,46.1537,9619031.0,749908182.83,0.022561005330627548,0.006325277562162723,0.01632144543607952,460706897.7205,,,,,-0.059427521520484916,True,True,False,False,
2024-02-01,510300,44.4598,45.6314,43.2278,44.0484,2341335.0,348101514.93,-0.045614977780762955,-0.05257180712629539,0.018708223782912127,440150054.182,,,,,0.0006515560156554745,True,True,False,False,
2024-02-02,510300,42.759,43.7105,42.3852,42.7299,4101119.0,351426868.46,-0.029932982809818265,-0.07443524822218806,0.019536779058786823,450637435.98550004,,,,,0.008006103454489821,True,True,False,False,
2024-02-05,510300,42.4159,43.1411,40.8146,41.9412,220194.0,17457401.15,-0.018457801211797742,-0.0725569629210302,0.018394305943500073,432794896.2285,,,,,0.00396507491440401,True,True,False,False,
2024-02-06,510300,43.8644,45.0034,42.9054,43.1669,9233904.0,521861686.23,0.02922424727952455,-0.04361321712004318,0.020273418224747087,432837205.7185,,,,,-0.01580377557804713,True,True,False,False,
2024-02-07,510300,42.7161,43.6771,42.3875,43.4109,8093729.0,522041449.68,0.005652479098568586,-0.059427521520484916,0.019897358150151714,430243968.574,,,,,-0.020195388715737228,True,True,False,False,
2024-02-08,510300,43.2364,45.3719,42.4285,44.0771,4341181.0,488027791.17,0.015346376140554563,0.0006515560156554745,0.0199369687882229,447367361.32650006,,,,,-0.024414038128642845,True,True,False,False,
2024-02-09,510300,43.4498,44.6067,42.2898,43.072,1762586.0,209364885.92,-0.022803224350059326,0.008006103454489821,0.020339807757120583,403582777.1495,,,,,-0.0053956166419020235,True,True,False,False,
2024-02-12,510300,41.8029,42.8765,41.2774,42.1075,3147551.0,195309554.97,-0.022392737741456226,0.00396507491440401,0.020170086515718295,396362841.5155,,,,,0.023045775693166348,True,True,False,False,
2024-02-13,510300,42.3303,43.2517,42.2482,42.4847,1452966.0,195382116.93,0.008958024104969375,-0.01580377557804713,0.02044676918988087,403386858.848,,,,,0.017168533613277415,True,True,False,False,
2024-02-14,510300,42.4791,42.7852,41.6854,42.5342,8998393.0,434802936.82,0.0011651253274709283,-0.020195388715737228,0.01994666709229542,390049533.90349996,,,,,0.03178853722416308,True,True,False,False,
2024-02-15,510300,42.8189,43.1701,41.7436,43.001,126802.0,10839178.42,0.010974698007720773,-0.024414038128642845,0.02011153728919296,369406500.65349996,,,,,0.037061928792353704,True,True,False,False,
2024-02-16,510300,43.1559,43.5954,42.7816,42.8396,435740.0,19367140.76,-0.0037534010836957066,-0.0053956166419020235,0.020073441287079486,330821925.05950004,,,,,0.007243298256753183,True,True,False,False,
2024-02-19,510300,42.6361,43.2057,42.3208,43.0779,3407529.0,244338350.28,0.005562610295147596,0.023045775693166348,0.020243370279779477,313354562.34900004,,,,,-0.04334937404098149,True,True,False,False,
2024-02-20,510300,43.8727,44.2387,42.1797,43.2141,8014133.0,655521297.57,0.0031617140111286357,0.017168533613277415,0.019844607836205123,336302537.6825,,,,,-0.02725730722148556,True,True,False,False,
2024-02-21,510300,43.3347,44.5736,42.6436,43.8863,1897078.0,203880696.33,0.015555108170712817,0.03178853722416308,0.019256671977602214,333224191.23399997,,,,,-0.019404688934815617,True,True,False,False,
2024-02-22,510300,44.1656,44.6551,43.4786,44.5947,,,0.016141711650332846,0.037061928792353704,0.01936839716970343,307530520.61263156,,,,,-0.05467914348566083,True,False,False,False,
2024-02-23,510300,43.9427,44.8029,42.4968,43.1499,5795420.0,738563972.75,-0.03239846887634634,0.007243298256753183,0.02051855655407042,332504481.6026316,,,,,-0.05936746087476452,True,True,False,False,
2024-02-26,510300,40.5688,41.5226,39.7105,41.2105,5382289.0,623795131.6,-0.0449456429794739,-0.04334937404098149,0.022261492551159733,361250235.09105265,,,,,-0.01314956139818746,True,True,False,False,
2024-02-27,510300,42.4815,43.5988,41.9122,42.0362,1832280.0,104956554.97,0.020036155834071367,-0.02725730722148556,0.02292162094974377,349207721.6721053,,,,,-0.014523196673343453,True,True,False,False,
2024-02-28,510300,43.8688,45.1617,42.974,43.0347,4790945.0,167249834.6,0.02375333641004662,-0.019404688934815617,0.02299385386109777,318541492.81789476,,,,,-0.0027791526372903386,True,True,False,False,
2024-02-29,510300,41.4343,42.3306,40.5697,42.1563,7849337.0,251696879.77,-0.020411435423042357,-0.05467914348566083,0.021167261197340383,313467564.65157896,,,,,0.028510566629424083,True,True,False,False,
2024-03-01,510300,40.6741,40.7924,40.4004,40.5882,,,-0.03719728723820637,-0.05936746087476452,0.021727113336468172,311358714.44,,,,,0.06030570461365614,True,False,False,False,
2024-03-04,510300,40.8585,41.5233,39.6502,40.6686,5020555.0,189114838.7,0.00198087128771407,-0.01314956139818746,0.021407498861273272,320895238.74833333,,,,,0.039305508426648705,True,True,False,False,
2024-03-05,510300,41.0168,41.6249,40.8346,41.4257,447298.0,56547683.49,0.018616328076206168,-0.014523196673343453,0.02073165614510351,295044460.8183333,,,,,0.020545217099530166,True,True,False,False,
2024-03-06,510300,43.0597,44.0093,42.0088,42.9151,7267721.0,121471800.47,0.03595352643407357,-0.0027791526372903386,0.022352598360639554,272790591.4177778,,,,,-0.020768913505968767,True,True,False,False,
2024-03-07,510300,43.1349,43.8848,42.8243,43.3582,5715766.0,689549979.3,0.010325037108150692,0.028510566629424083,0.022194838492469907,283986268.5361111,,,,,-0.05045412401806337,True,True,False,False,
2024-03-08,510300,43.5047,43.7746,42.9604,43.0359,8832569.0,1157987094.76,-0.007433426664391063,0.06030570461365614,0.021644342604912034,336687502.3605555,,,,,-0.004143052660685598,True,True,False,False,
2024-03-11,510300,41.6257,43.4034,40.5023,42.2671,5135818.0,527716571.38,-0.017864155275014504,0.039305508426648705,0.021418250871447782,355154558.82777774,,,,,0.05017377582091043,True,True,False,False,
2024-03-12,510300,41.8786,43.3504,40.8477,42.2768,7014442.0,569141434.33,0.00022949291529350546,0.020545217099530166,0.02132360362414314,375918965.34999996,,,,,0.07378751466525357,True,True,False,False,
2024-03-13,510300,41.8785,42.5909,40.9303,42.0238,4424401.0,611765914.26,-0.005984369677932144,-0.020768913505968767,0.021362452171833825,385750241.8744444,,,,,0.060356274301705204,True,True,False,False,
2024-03-14,510300,41.5168,42.5771,41.0157,41.1706,6562593.0,128467287.51,-0.02030278080516279,-0.05045412401806337,0.021630268300570524,392285136.8238889,,,,,0.10083894818146932,True,True,False,False,
2024-03-15,510300,42.5821,43.5401,41.622,42.8576,5916038.0,91733914.68,0.040975841984328465,-0.004143052660685598,0.023651783664504045,396305513.1527778,,,,,0.07103524229074898,True,True,False,False,
2024-03-18,510300,43.9347,44.6025,43.8556,44.3878,3226068.0,458091171.06,0.03570428582095131,0.05017377582091043,0.02493128860443087,408180669.86277777,,,,,0.04326639301790136,True,True,False,False,
2024-03-19,510300,46.1008,47.1759,44.7394,45.3963,5105156.0,525447917.1,0.022720206903698692,0.07378751466525357,0.025367500606673664,400954370.9477778,,,,,,True,True,False,False,
2024-03-20,510300,44.5435,45.2684,43.9242,44.5602,4508128.0,572362792.55,-0.01841780056964981,0.060356274301705204,0.025602870134357632,421425598.5155556,,,,,,True,True,False,False,
2024-03-21,510300,45.2036,45.5013,44.0179,45.3222,,,0.01710046184711911,0.10083894818146932,0.025633446152363116,421425598.5155556,,,,,,True,False,False,False,
2024-03-22,510300,46.7324,47.4082,45.8376,45.902,9910902.0,1198518717.04,0.01279284765523303,0.07103524229074898,0.024489386495603793,446978639.865,43.9,7.91,28.99,,,True,True,True,False,2024-03-22
2024-03-25,510300,45.6851,47.0785,44.5992,46.3083,2266340.0,27393092.13,0.00885146616705157,0.04326639301790136,0.02169715512033436,413845193.2277777,43.9,7.91,28.99,,,True,True,True,False,2024-03-22
2024-01-02,600000,38.3711,38.8953,37.7701,38.7329,5023875.0,227047651.96,,,,227047651.96,,,,银行,-0.053476501888575334,True,True,False,True,
2024-01-03,600000,38.4786,38.8763,37.7485,38.6069,8308589.0,105786096.04,-0.0032530484420221217,,,166416874.0,,,,银行,-0.08377258987383085,True,True,False,True,
2024-01-04,600000,37.5847,38.1578,36.885,37.7866,6029011.0,849331469.02,-0.021247497209048172,,0.01272399674687803,394055072.34,,,,银行,-0.09134719715454687,True,True,False,True,
2024-01-05,600000,37.6643,37.9997,37.3291,37.3865,9409478.0,773461174.47,-0.010588409647864672,,0.00904823977436387,488906597.8725,,,,银行,-0.04251534644858446,True,True,False,True,
2024-01-08,600000,37.3425,37.8813,35.9907,36.7308,7828061.0,564223221.61,-0.017538416273253588,,0.007944366272402777,503969922.62,,,,银行,-0.0505161880492665,True,True,False,True,
2024-01-09,600000,36.7136,37.6482,36.2795,36.6616,6458942.0,425424533.16,-0.0018839774793906194,-0.053476501888575334,0.008529373689166795,490879024.3766667,,,,银行,-0.06959052523621434,True,True,False,True,
2024-01-10,600000,35.8034,36.3756,34.9832,35.3727,8733985.0,166200487.63,-0.035156676195255976,-0.08377258987383085,0.012499848423262237,444496376.27,,,,银行,-0.00026291462059735426,True,True,False,True,
2024-01-11,600000,34.044,35.0919,33.2294,34.3349,1282539.0,49693462.93,-0.029339010027507162,-0.09134719715454687,0.012641390227451926,395146012.1025,,,,银行,0.08979784417604253,True,True,False,True,
2024-01-12,600000,36.0759,37.0074,34.865,35.797,3239663.0,84703203.79,0.04258349376290593,-0.04251534644858446,0.02409905723291247,360652366.73444444,,,,银行,0.020792245160208944,True,True,False,True,
2024-01-15,600000,35.0349,35.1349,34.5883,34.8753,8382743.0,317465412.93,-0.025747967706790886,-0.0505161880492665,0.023179971578717314,356333671.354,,,,银行,0.040054135735033025,True,True,False,True,
2024-01-16,600000,33.5434,35.0681,32.6754,34.1103,9155384.0,331370212.22,-0.021935295180256498,-0.06959052523621434,0.02210903976663717,354064265.97818184,,,,银行,0.07064435082658327,True,True,False,True,
2024-01-17,600000,36.0125,36.8778,34.9323,35.3634,5531279.0,158553942.64,0.03673670416267205,-0.00026291462059735426,0.025681052165069496,337771739.03333336,,,,银行,0.06840971173586263,True,True,False,True,
2024-01-18,600000,37.8411,38.7437,37.3575,37.4181,4043957.0,236060022.19,0.05810244490066019,0.08979784417604253,0.03103316878007702,329947760.81461537,,,,银行,-0.010187583014637291,True,True,False,True,
2024-01-19,600000,36.1808,37.1882,35.1985,36.5413,5676830.0,543801123.7,-0.023432509935031542,0.020792245160208944,0.030277136134632395,345223001.0207143,,,,银行,0.00859028003929807,True,True,False,True,
2024-01-22,600000,36.4407,36.628,35.7988,36.2722,2988942.0,80384618.28,-0.007364270017760743,0.040054135735033025,0.02910278300090262,327567108.83800006,,,,银行,0.03187013746064471,True,True,False,True,
2024-01-23,600000,36.6258,37.1378,35.997,36.52,9130832.0,1255013507.18,0.006831678254972218,0.07064435082658327,0.02819078865309536,385532508.734375,,,,银行,0.033781489594742586,True,True,False,True,
2024-01-24,600000,38.1815,39.097,37.207,37.7826,590459.0,73935917.68,0.03457283680175238,0.06840971173586263,0.028854256772852048,367203297.4958824,,,,银行,-0.00828423665920297,True,True,False,True,
2024-01-25,600000,37.1844,38.2232,36.0588,37.0369,9034650.0,872173110.35,-0.019736598328330968,-0.010187583014637291,0.028298734804863182,395257175.9877778,,,,银行,0.00897483320688286,True,True,False,True,
2024-01-26,600000,36.2907,36.9522,35.9182,36.8552,5428584.0,530295764.66,-0.004905918151897115,0.00859028003929807,0.027460895314393073,402364470.12842107,,,,银行,-0.013930191669018321,True,True,False,True,
2024-01-29,600000,37.3063,38.2976,36.9383,37.4282,6239451.0,655902662.84,0.015547331177147239,0.03187013746064471,0.027003148356250666,415041379.76400006,,,,银行,-0.03365109730096549,True,True,False,True,
2024-01-30,600000,37.5025,38.7712,37.2353,37.7537,5313404.0,764723296.66,0.008696651188141669,0.033781489594742586,0.02638088962293165,441925161.99899995,,,,银行,-0.0470867756008021,True,True,False,True,
2024-01-31,600000,37.1257,37.879,36.3621,37.4696,263173.0,23662554.31,-0.007525090256054412,-0.00828423665920297,0.026417762863363822,437818984.9125,,,,银行,-0.035404701411277384,True,True,False,True,
2024-02-01,600000,36.8575,37.535,36.7869,37.3693,1828436.0,109168356.02,-0.0026768366889424744,0.00897483320688286,0.02599783170836442,400810829.26250005,,,,银行,-0.04355714450096748,True,True,False,True,
2024-02-02,600000,36.2515,36.7597,35.9575,36.3418,7836511.0,53269435.97,-0.02749583214028639,-0.013930191669018321,0.026619564907497666,364801242.3375,,,,银行,-0.0072395973782256595,True,True,False,True,
2024-02-05,600000,36.2454,37.2633,35.9303,36.1687,8089401.0,635362322.47,-0.004763110247703706,-0.03365109730096549,0.02635589898857001,368358197.38049996,,,,银行,0.017714211459079143,True,True,False,True,
2024-02-06,600000,35.9463,36.3822,35.9319,35.976,5146373.0,351823796.83,-0.005327811063156829,-0.0470867756008021,0.02637703923589157,364678160.564,,,,银行,0.02634534133867028,True,True,False,True,
2024-02-07,600000,36.4578,37.4982,35.1872,36.143,5243849.0,216176535.71,0.0046419835445852264,-0.035404701411277384,0.02510469657904474,367176962.968,,,,银行,0.028791190548653978,True,True,False,True,
2024-02-08,600000,36.2427,36.9354,34.8001,35.7416,3463198.0,282229881.37,-0.011105884956976508,-0.04355714450096748,0.024247124021808484,378803783.89,,,,银行,0.04145029881146911,True,True,False,True,
2024-02-09,600000,36.2061,36.9513,35.0097,36.0787,8884039.0,1293872533.07,0.009431586722474572,-0.0072395973782256595,0.022410848917398703,439262250.354,,,,银行,0.03172231815447901,True,True,False,True,
2024-02-12,600000,36.7421,37.7209,35.9654,36.8094,3815253.0,114741672.31,0.02025294702968794,0.017714211459079143,0.021916579494793482,429126063.323,,,,银行,-0.003352404548838006,True,True,False,True,
2024-02-13,600000,36.8626,37.4138,36.0906,36.9238,6194587.0,295012673.2,0.00310790178595699,0.02634534133867028,0.021122351665481112,427308186.372,,,,银行,-0.00015166369658592416,True,True,False,True,
2024-02-14,600000,37.806,38.6921,36.1915,37.1836,3264689.0,273515091.23,0.007036112209469092,0.028791190548653978,0.01970973330904194,433056243.80149996,,,,银行,-0.009068514076097989,True,True,False,True,
2024-02-15,600000,37.9631,38.9644,36.4234,37.2231,2500169.0,245872538.58,0.001062296281156394,0.04145029881146911,0.014780729517163645,433546869.621,,,,银行,0.0313192614263722,True,True,False,True,
2024-02-16,600000,37.7248,37.8452,37.2222,37.2232,5042874.0,719871558.17,2.686503810744867e-06,0.03172231815447901,0.013730056219044625,442350391.34449995,,,,银行,0.06376936964043933,True,True,False,True,
2024-02-19,600000,36.9291,37.6494,35.685,36.686,,,-0.014431859700401839,-0.003352404548838006,0.014044399415148755,461401221.5057894,,,,银行,0.08767649784659004,True,False,False,True,
2024-02-20,600000,37.5045,37.5371,36.0774,36.9182,2923688.0,25233852.45,0.006329389958022125,-0.00015166369658592416,0.014033228341475197,396675976.52,,,,银行,0.06433953984755503,True,True,False,True,
2024-02-21,600000,36.3203,37.705,35.4467,36.8464,2459223.0,177652696.99,-0.0019448402143115162,-0.009068514076097989,0.01153928508160442,402134754.378421,,,,银行,0.04268802379608316,True,True,False,True,
2024-02-22,600000,39.0195,39.7877,37.2789,38.3889,2697645.0,25612100.74,0.04186297711581033,0.0313192614263722,0.014234565423397676,357578911.76736844,,,,银行,0.024632120222251697,True,True,False,True,
2024-02-23,600000,38.8136,39.6583,38.3547,39.5969,8176831.0,845116680.51,0.03146742938714042,0.06376936964043933,0.015580592446003511,374148433.6542105,,,,银行,-0.001404150324899156,True,True,False,True,
2024-02-26,600000,40.3837,40.6727,39.7222,39.9025,6214927.0,704002683.96,0.007717775886496359,0.08767649784659004,0.015364333419040952,376680013.7131579,,,,银行,0.00046363009836469793,True,True,False,True,
2024-02-27,600000,38.5976,40.2377,38.514,39.2935,2556503.0,236660535.44,-0.015262201616440096,0.06433953984755503,0.015849179260078696,348887236.8068421,,,,银行,-0.019479048697621737,True,True,False,True,
2024-02-28,600000,,39.6509,38.2326,38.4193,5214087.0,325512643.29,-0.0222479544962908,0.04268802379608316,0.01664273901891726,364774083.5952632,,,,银行,0.02143193655272224,True,True,False,True,
2024-02-29,600000,38.611,39.5726,37.5974,39.3345,4817461.0,93906859.23,0.023821360618230925,0.024632120222251697,0.01734257479080744,363970846.92210525,,,,银行,0.006734546009228737,True,True,False,True,
2024-03-01,600000,39.5485,40.4326,39.1024,39.5413,508405.0,50827489.41,0.0052574711767023885,-0.001404150324899156,0.01581993915487042,363842323.4189474,,,,银行,-0.020773216864392374,True,True,False,True,
2024-03-04,600000,40.4817,,39.6032,39.921,895878.0,6532267.27,0.00960261802216933,0.00046363009836469793,0.01571036086175099,330746004.72421056,,,,银行,-0.039232484156208614,True,True,False,True,
2024-03-05,600000,38.055,38.8411,37.7238,38.5281,9955997.0,854718430.14,-0.03489141053580813,-0.019479048697621737,0.01796813014619064,357214143.3194737,,,,银行,0.0007526973819107496,True,True,False,True,
2024-03-06,600000,39.9965,40.7303,38.1296,39.2427,6439288.0,804153418.17,0.018547501693569002,0.02143193655272224,0.01827753430988593,388160295.02789474,35.96,5.75,21.24,银行,-0.016441274428110275,True,True,True,True,2024-03-06
2024-03-07,600000,39.7836,39.8341,39.4618,39.5994,7534986.0,633351068.19,0.009089588636867596,0.006734546009228737,0.017937433163190523,406640357.4921053,35.96,5.75,21.24,银行,-0.030995419122512025,True,True,True,True,2024-03-06
2024-03-08,600000,39.0445,39.2473,37.6648,38.7199,1669305.0,176988258.04,-0.02220993247372438,-0.020773216864392374,0.018921373206931137,347856974.5957895,35.96,5.75,21.24,银行,-0.011035668997079084,True,True,True,True,2024-03-06
2024-03-11,600000,37.8693,39.4825,37.2542,38.3548,6237168.0,808025776.82,-0.009429259889617625,-0.039232484156208614,0.018718382226040445,384345611.67526317,35.96,5.75,21.24,银行,-0.006653665251806662,True,True,True,True,2024-03-06
2024-03-12,600000,,39.7397,38.0625,38.5571,9297910.0,1295165562.16,0.005274437619281036,0.0007526973819107496,0.018730029878855196,436985237.41,35.96,5.75,21.24,银行,-0.008851806800822648,True,True,True,True,2024-03-06
2024-03-13,600000,38.0496,39.6929,37.2521,38.5975,1310666.0,11497848.31,0.0010477966444570885,-0.016441274428110275,0.018698722685817043,423194856.2036842,35.96,5.75,21.24,银行,0.019249951421724365,True,True,True,True,2024-03-06
2024-03-14,600000,38.4917,39.2998,37.9682,38.372,2941199.0,47433780.55,-0.005842347302286388,-0.030995419122512025,0.018781151734852775,412750711.04421055,35.96,5.75,21.24,银行,-0.027389763369123354,True,True,True,True,2024-03-06
2024-03-15,600000,38.9675,39.141,37.7278,38.2926,8378377.0,278338822.09,-0.002069217137496082,-0.011035668997079084,0.018796645226008553,389512145.9873684,35.96,5.75,21.24,银行,-0.029990128641043,True,True,True,True,2024-03-06
2024-03-18,600000,37.9533,38.6416,36.9504,38.0996,3592737.0,249918769.87,-0.005040138303484154,-0.006653665251806662,0.018490276294947823,382532477.1815,35.96,5.75,21.24,银行,-0.02163277304748623,True,True,True,True,2024-03-06
2024-03-19,600000,37.6565,38.5346,36.871,38.2158,138552.0,7410050.24,0.003049900786360027,-0.008851806800822648,0.018464890555158937,381641287.071,35.96,5.75,21.24,银行,,True,True,True,True,2024-03-06
2024-03-20,600000,39.227,40.0616,38.797,39.3405,2125591.0,149658766.97,0.029430235661689563,0.019249951421724365,0.01942952908905291,380241590.57000005,35.96,5.75,21.24,银行,,True,True,True,True,2024-03-06
2024-03-21,600000,37.1893,37.7787,36.3164,37.321,1743329.0,110429045.26,-0.05133386713437804,-0.027389763369123354,0.020857542192583418,384482437.79600006,35.96,5.75,21.24,银行,,True,True,True,True,2024-03-06
2024-03-22,600000,37.2754,37.6299,36.0701,37.1442,8561349.0,1151534781.65,-0.0047372792797620855,-0.029990128641043,0.019392678265334477,399803342.85300004,35.96,5.75,21.24,银行,,True,True,True,True,2024-03-06
2024-03-25,600000,37.1537,37.8056,36.2905,37.2754,7699844.0,767075795.53,0.0035321799904157736,-0.02163277304748623,0.019293129384586914,402956998.4315,35.96,5.75,21.24,银行,,True,True,True,True,2024-03-06
2024-01-02,AAPL,87.8984,88.4042,85.7385,88.0064,8644366.0,413474420.66,,,,413474420.66,,,,信息技术,0.009099338229946907,True,True,False,True,
2024-01-03,AAPL,90.0615,90.1821,86.5789,88.6184,1331662.0,183011844.12,0.006954039706203119,,,298243132.39,,,,信息技术,-0.004668330730412507,True,True,False,True,
2024-01-04,AAPL,87.1658,89.1895,86.0844,87.8969,5010648.0,320651892.7,-0.008141650041074922,,0.010674264586988542,305712719.16,,,,信息技术,0.02485298116315815,True,True,False,True,
2024-01-05,AAPL,87.3735,87.6175,85.391,87.397,978471.0,138613303.41,-0.005687345059950832,,0.008100494539351646,263937865.2225,,,,信息技术,0.007175303500120078,True,True,False,True,
2024-01-08,AAPL,88.9266,90.6276,86.7977,87.721,5727812.0,370156761.33,0.0037072210716615484,,0.007262366013597547,285181644.444,,,,信息技术,0.0035818105128759825,True,True,False,True,
2024-01-09,AAPL,89.4118,91.4582,86.2978,88.8072,9511581.0,968017841.24,0.01238243978066822,0.009099338229946907,0.008617963377736874,398987677.24333334,,,,信息技术,0.04280959201506174,True,True,False,True,
2024-01-10,AAPL,87.7341,89.6324,85.9929,88.2047,5271532.0,602281904.93,-0.006784359826680575,-0.004668330730412507,0.00847469691175768,428029709.77,,,,信息技术,0.05461613723531733,True,True,False,True,
2024-01-11,AAPL,91.3226,92.6447,89.4561,90.0814,4621781.0,44273394.15,0.021276643988358934,0.02485298116315815,0.011049085051572427,380060170.3175,,,,信息技术,0.06224592424185227,True,True,False,True,
2024-01-12,AAPL,89.2635,90.6153,87.7853,88.0241,1527155.0,143642407.2,-0.022838232975952888,0.007175303500120078,0.013806173522428201,353791529.97111106,,,,信息技术,0.08906197280063055,True,True,False,True,
2024-01-15,AAPL,88.342,90.5954,86.2937,88.0352,8057298.0,818440859.53,0.00012610182893091348,0.0035818105128759825,0.012914494104336614,400256462.927,,,,信息技术,0.10157300716077189,True,True,False,True,
2024-01-16,AAPL,92.6046,94.0854,90.1181,92.609,2402267.0,134352366.0,0.05195421831267488,0.04280959201506174,0.02042129488357843,376083363.2063636,,,,信息技术,0.04597933246228769,True,True,False,True,
2024-01-17,AAPL,92.6446,95.5821,91.6186,93.0221,3096337.0,383303641.48,0.004460689565809028,0.05461613723531733,0.019374974108153895,376685053.0625,,,,信息技术,0.037784569473275686,True,True,False,True,
2024-01-18,AAPL,94.4542,96.6613,92.1635,95.6886,8877791.0,678809047.96,0.02866523116549713,0.06224592424185227,0.0196741835881414,399925360.36230767,,,,信息技术,-0.006861841431476612,True,True,False,True,
2024-01-19,AAPL,94.0416,98.531,92.4849,95.8637,3183713.0,141086220.91,0.0018298940521650486,0.08906197280063055,0.0188947973339378,381436850.4014286,,,,信息技术,-0.00014499753295560414,True,True,False,True,
2024-01-22,AAPL,96.2306,98.7184,93.3648,96.9772,7751661.0,594301769.19,0.011615449852238058,0.10157300716077189,0.01819981946194633,395627844.98733336,,,,信息技术,-0.028458235544024713,True,True,False,True,
2024-01-23,AAPL,96.007,98.9101,94.9522,96.8671,3067583.0,398259682.45,-0.0011353184047384612,0.04597933246228769,0.017666485387753478,395792334.82875,,,,信息技术,-0.014406336103795825,True,True,False,True,
2024-01-24,AAPL,98.3974,100.2286,95.0237,96.5369,2055072.0,255537525.87,-0.0034087941106938358,0.037784569473275686,0.017248406736131924,387542051.9488235,,,,信息技术,0.010431244425706643,True,True,False,True,
2024-01-25,AAPL,96.0258,98.6281,94.2357,95.032,9147656.0,1209632627.96,-0.015588857732121153,-0.006861841431476612,0.017497640940674786,433213750.6161111,,,,信息技术,0.03395698291101956,True,True,False,True,
2024-01-26,AAPL,97.6257,99.916,95.4668,95.8498,9031281.0,1301782010.94,0.008605522350366268,-0.00014499753295560414,0.01700053293010141,478927869.58052635,,,,信息技术,0.01926555923956008,True,True,False,True,
2024-01-29,AAPL,92.7631,96.2876,91.2049,94.2174,3574928.0,500899328.5,-0.01703081279251495,-0.028458235544024713,0.017269878873941713,480026442.52650005,,,,信息技术,0.04633963577852929,True,True,False,True,
2024-01-30,AAPL,95.6744,97.5518,95.3851,95.4716,2360528.0,207315526.16,0.013311766191807406,-0.014406336103795825,0.016945125704472763,469718497.8015,,,,信息技术,0.026219315482300498,True,True,False,True,
2024-01-31,AAPL,99.4346,100.2944,96.7648,97.5439,1577466.0,136063091.39,0.021705931397399736,0.010431244425706643,0.017386014381826798,467371060.16499996,,,,信息技术,0.023211087520593532,True,True,False,True,
2024-02-01,AAPL,99.2415,100.2731,95.6764,98.259,4282701.0,234166706.04,0.007331058118447142,0.03395698291101956,0.01711488195615085,463046800.8320001,,,,信息技术,-0.02144027519107672,True,True,False,True,
2024-02-02,AAPL,95.9025,99.9747,94.4343,97.6964,691523.0,27654405.17,-0.005725684161247302,0.01926555923956008,0.017116229558414606,457498855.9200001,,,,信息技术,-0.022411265921773893,True,True,False,True,
2024-02-05,AAPL,100.498,101.8999,98.5181,98.5834,2956674.0,50121710.53,0.009079147235722118,0.04633963577852929,0.01712507916821383,441497103.38,,,,信息技术,-0.06978152508434488,True,True,False,True,
2024-02-06,AAPL,97.6283,100.3076,94.9479,97.9748,5928861.0,792839563.58,-0.006173453137140683,0.026219315482300498,0.017262719312603023,432738189.49700004,,,,信息技术,-0.09198998109718004,True,True,False,True,
2024-02-07,AAPL,100.0294,102.4363,99.5825,99.808,5015992.0,483401359.32,0.018710933831965093,0.023211087520593532,0.017283080552934434,426794162.2165,,,,信息技术,-0.0843549615261302,True,True,False,True,
2024-02-08,AAPL,97.393,97.501,94.3428,96.1523,7019641.0,471340626.08,-0.03662732446296901,-0.02144027519107672,0.01937262222991952,448147523.813,,,,信息技术,-0.032525483009766765,True,True,False,True,
2024-02-09,AAPL,93.7828,95.82,92.8693,95.5069,5257658.0,380329704.24,-0.00671226793326829,-0.022411265921773893,0.01853884007043252,459981888.66499996,,,,信息技术,-0.04000339242504991,True,True,False,True,
2024-02-12,AAPL,92.4864,94.6332,91.334,91.7041,6190027.0,769579453.37,-0.03981701845625818,-0.06978152508434488,0.020995212399890818,457538818.35700005,,,,信息技术,-0.03023856076227771,True,True,False,True,
2024-02-13,AAPL,89.8141,91.972,86.4239,88.9621,2171845.0,73333496.8,-0.02990051698888041,-0.09198998109718004,0.018643085763656714,454487874.897,,,,信息技术,-0.05961752251801622,True,True,False,True,
2024-02-14,AAPL,90.4183,93.0937,90.0335,91.3887,7160420.0,824864822.02,0.027276784158647205,-0.0843549615261302,0.019716141004314378,476565933.92399997,,,,信息技术,-0.09453794615745714,True,True,False,True,
2024-02-15,AAPL,91.1811,94.4611,90.2983,93.0249,7194565.0,635683064.96,0.017903745211388378,-0.032525483009766765,0.019006650803101988,474409634.774,,,,信息技术,-0.06740345864386854,True,True,False,True,
2024-02-16,AAPL,89.9612,92.7903,89.6795,91.6863,2939537.0,138752910.58,-0.01438969566212922,-0.04000339242504991,0.019213784263834834,474292969.2575,,,,信息技术,-0.04555751513584916,True,True,False,True,
2024-02-19,AAPL,89.5416,90.18,88.5383,88.9311,8642971.0,1148084706.06,-0.030050291046754052,-0.03023856076227771,0.019900830667784003,501982116.101,,,,信息技术,-0.026999553586990355,True,True,False,True,
2024-02-20,AAPL,83.1499,85.8001,81.4011,83.6584,3459476.0,417969479.58,-0.059289719794312634,-0.05961752251801622,0.023383691597963947,502967605.9575001,,,,信息技术,0.04394537787000474,True,True,False,True,
2024-02-21,AAPL,83.048,84.037,80.9488,82.749,7321163.0,742102790.09,-0.010870396756332945,-0.09453794615745714,0.023382240143741993,527295869.16850007,,,,信息技术,0.02246915370578506,True,True,False,True,
2024-02-22,AAPL,88.0961,88.5919,84.3728,86.7547,1781923.0,265505342.19,0.04840783574423857,-0.06740345864386854,0.026389929806904223,480089504.87999994,,,,信息技术,-0.030540132119643126,True,True,False,True,
2024-02-23,AAPL,86.956,89.3933,86.4537,87.5093,8478795.0,558952807.97,0.008698087826941814,-0.04555751513584916,0.026392304204219928,442948044.7315,,,,信息技术,-0.03698806869669857,True,True,False,True,
2024-02-26,AAPL,88.2563,89.041,84.9931,86.53,2417441.0,273083962.57,-0.011190810576704346,-0.026999553586990355,0.026275014789839887,431557276.43500006,,,,信息技术,-0.02776609268461816,True,True,False,True,
2024-02-27,AAPL,86.0661,88.841,86.0599,87.3348,8157765.0,576478041.17,0.009300820524673625,0.04394537787000474,0.026151617557612312,450015402.18549997,,,,信息技术,-0.02148971543989342,True,True,False,True,
2024-02-28,AAPL,85.2881,86.811,83.066,84.6083,9119414.0,567152404.9,-0.03121894136129011,0.02246915370578506,0.026078739242958726,471569867.86100006,,,,信息技术,0.017004241900617334,True,True,False,True,
2024-02-29,AAPL,85.5024,86.777,81.9211,84.1052,9276795.0,807012125.79,-0.00594622513394083,-0.030540132119643126,0.02586923141649283,500212138.84849995,,,,信息技术,0.03676348192501777,True,True,False,True,
2024-03-01,AAPL,83.8187,84.4423,81.812,84.2725,5419637.0,204523026.34,0.001989175461208026,-0.03698806869669857,0.02595331397040625,509055569.90699995,,,,信息技术,0.020459817852799045,True,True,False,True,
2024-03-04,AAPL,82.5043,85.2714,81.5997,84.1274,1148829.0,145787485.43,-0.0017217953662226337,-0.02776609268461816,0.025711473218278217,513838858.65200007,,,,信息技术,0.0405753654576273,True,True,False,True,
2024-03-05,AAPL,84.9223,86.5357,84.8184,85.458,6927558.0,430493646.01,0.01581648785056955,-0.02148971543989342,0.026239587390331703,495721562.7735001,,,,信息技术,0.05774532518898168,True,True,False,True,
2024-03-06,AAPL,86.9142,88.3244,84.2001,86.047,4025871.0,163721092.91,0.006892274567623868,0.017004241900617334,0.02577127810830754,479737549.45300007,,,,信息技术,0.03012191011888854,True,True,False,True,
2024-03-07,AAPL,88.5819,89.2067,85.4324,87.1972,1913620.0,233162080.77,0.013367113321789192,0.03676348192501777,0.02517134298499825,467828622.1875,,,,信息技术,-0.001512663250654911,True,True,False,True,
2024-03-08,AAPL,87.4038,88.7923,85.3319,85.9967,4966942.0,669537806.75,-0.01376764391517149,0.020459817852799045,0.025252215136043313,482289027.3129999,,,,信息技术,0.03947360770820274,True,True,False,True,
2024-03-11,AAPL,87.8587,89.581,85.7009,87.5409,6113105.0,540086750.51,0.01795650298209095,0.0405753654576273,0.024338724015454165,470814392.16999996,46.71,3.44,24.9,信息技术,0.017229660650050604,True,True,True,True,2024-03-09
2024-03-12,AAPL,89.4577,91.2673,87.1911,90.3928,794132.0,57776786.46,0.032577915008870084,0.05774532518898168,0.02458253321719834,470036556.653,46.71,3.44,24.9,信息技术,0.012795266879663147,True,True,True,True,2024-03-09
2024-03-13,AAPL,89.9661,90.7306,87.4728,88.6389,3087732.0,215693440.44,-0.019403094051738456,0.03012191011888854,0.024177754200878965,439577987.574,46.71,3.44,24.9,信息技术,0.02369388609290035,True,True,True,True,2024-03-09
2024-03-14,AAPL,88.0821,90.1533,85.5984,87.0653,6181390.0,388212920.83,-0.017752927890576364,-0.001512663250654911,0.024005308247990898,427204480.36749995,46.71,3.44,24.9,信息技术,0.07252487500760929,True,True,True,True,2024-03-09
2024-03-15,AAPL,89.3064,92.0588,88.4346,89.3913,,449505471.79,0.026715580145017626,0.03947360770820274,0.024730225616611735,442742108.428,46.71,3.44,24.9,信息技术,0.04736366961885552,True,True,True,True,2024-03-09
2024-03-18,AAPL,90.1699,92.6114,88.4818,89.0492,4771619.0,370480741.22,-0.0038269943495620184,0.017229660650050604,0.02378461388335531,403861910.186,46.71,3.44,24.9,信息技术,0.0568180286852662,True,True,True,True,2024-03-09
2024-03-19,AAPL,90.3965,93.0934,87.9609,91.5494,1303340.0,161074733.57,0.028076613826963248,0.012795266879663147,0.019974990897787207,391017172.8855,46.71,3.44,24.9,信息技术,,True,True,True,True,2024-03-09
2024-03-20,AAPL,91.2941,93.9106,89.4127,90.7391,4774230.0,540055926.34,-0.008850959154292792,0.02369388609290035,0.019897066947668504,380914829.698,46.71,3.44,24.9,信息技术,,True,True,True,True,2024-03-09
2024-03-21,AAPL,93.1293,93.4801,93.0169,93.3797,752903.0,91164267.46,0.029101015989799306,0.07252487500760929,0.01805322590457812,372197775.9615,46.71,3.44,24.9,信息技术,,True,True,True,True,2024-03-09
2024-03-22,AAPL,92.1384,93.7406,90.0544,93.6252,3479647.0,448106668.47,0.002629051067844612,0.04736366961885552,0.01801825312362666,366655468.9865,46.71,3.44,24.9,信息技术,,True,True,True,True,2024-03-09
2024-03-25,AAPL,92.4733,95.3937,91.1308,94.1088,2803332.0,250867256.67,0.005165276015431708,0.0568180286852662,0.017682660403675034,365544633.6915,46.71,3.44,24.9,信息技术,,True,True,True,True,2024-03-09
